{"cameraMode":{"drawMode":0,"name":"Shaded","section":"Shading Mode"},"sceneLighting":false,"audioPlay":false,"sceneViewState":{"showFog":true,"showMaterialUpdate":false,"showSkybox":false,"showFlares":true,"showImageEffects":true,"showParticleSystems":true,"showVisualEffectGraphs":true,"m_FxEnabled":true},"in2DMode":false,"pivot":{"x":-3.1783382892608644,"y":-5.292069435119629,"z":12.874333381652832},"rotation":{"x":0.13675718009471894,"y":-0.054949935525655749,"z":0.00759408064186573,"w":0.9890540838241577},"size":5.763014316558838,"orthographic":false}