{"cameraMode":{"drawMode":0,"name":"Shaded","section":"Shading Mode"},"sceneLighting":false,"audioPlay":false,"sceneViewState":{"showFog":true,"showMaterialUpdate":false,"showSkybox":false,"showFlares":true,"showImageEffects":true,"showParticleSystems":true,"showVisualEffectGraphs":true,"m_FxEnabled":true},"in2DMode":false,"pivot":{"x":-7.523559093475342,"y":-1.5392097234725953,"z":2.3573107719421388},"rotation":{"x":0.5845742225646973,"y":0.002206570003181696,"z":-0.0020326627418398859,"w":0.811421275138855},"size":0.6392441987991333,"orthographic":false}