{"cameraMode":{"drawMode":0,"name":"Shaded","section":"Shading Mode"},"sceneLighting":true,"audioPlay":false,"sceneViewState":{"showFog":true,"showMaterialUpdate":false,"showSkybox":true,"showFlares":true,"showImageEffects":true,"showParticleSystems":true,"showVisualEffectGraphs":true,"m_FxEnabled":true},"in2DMode":false,"pivot":{"x":-13.64682388305664,"y":-15.644886016845704,"z":21.839317321777345},"rotation":{"x":0.4016817510128021,"y":-0.015109488740563393,"z":0.006625461392104626,"w":0.9156571626663208},"size":27.007736206054689,"orthographic":false}