{"cameraMode":{"drawMode":0,"name":"Shaded","section":"Shading Mode"},"sceneLighting":false,"audioPlay":false,"sceneViewState":{"showFog":true,"showMaterialUpdate":false,"showSkybox":false,"showFlares":true,"showImageEffects":true,"showParticleSystems":true,"showVisualEffectGraphs":true,"m_FxEnabled":true},"in2DMode":false,"pivot":{"x":1084.454345703125,"y":196.20098876953126,"z":-0.84259033203125},"rotation":{"x":0.041381094604730609,"y":0.01798446848988533,"z":-0.0007452433346770704,"w":0.9989935159683228},"size":396.94122314453127,"orthographic":false}