{"cameraMode":{"drawMode":0,"name":"Shaded","section":"Shading Mode"},"sceneLighting":false,"audioPlay":false,"sceneViewState":{"showFog":true,"showMaterialUpdate":false,"showSkybox":false,"showFlares":true,"showImageEffects":true,"showParticleSystems":true,"showVisualEffectGraphs":true,"m_FxEnabled":true},"in2DMode":false,"pivot":{"x":20.97580337524414,"y":-0.11094093322753906,"z":14.089988708496094},"rotation":{"x":0.13898061215877534,"y":0.6092551350593567,"z":-0.10954319685697556,"w":0.7729771733283997},"size":17.715171813964845,"orthographic":false}