{"cameraMode":{"drawMode":0,"name":"Shaded","section":"Shading Mode"},"sceneLighting":false,"audioPlay":false,"sceneViewState":{"showFog":true,"showMaterialUpdate":false,"showSkybox":false,"showFlares":true,"showImageEffects":true,"showParticleSystems":true,"showVisualEffectGraphs":true,"m_FxEnabled":true},"in2DMode":false,"pivot":{"x":-4.599957466125488,"y":-2.3458189964294435,"z":-0.22701454162597657},"rotation":{"x":0.34309759736061098,"y":-0.08998068422079086,"z":0.033035535365343097,"w":0.9344065189361572},"size":8.710467338562012,"orthographic":false}